
-- REGIONS
INSERT INTO REGIONS (REGION_ID, REGION_NAME, VERSION) VALUES (1, 'SOUTH AMERICA', 0);
INSERT INTO REGIONS (REGION_ID, REGION_NAME) VALUES (2, 'NORTH AMERICA');
INSERT INTO REGIONS (REGION_ID, REGION_NAME) VALUES (3, 'EUROPE');

-- COUNTRIES
INSERT INTO COUNTRIES (COUNTRY_ID, COUNTRY_NAME, REGION_ID) VALUES ('AR', 'Argentina', 1);
INSERT INTO COUNTRIES (COUNTRY_ID, COUNTRY_NAME, REGION_ID) VALUES ('UY', 'Uruguay', 1);
INSERT INTO COUNTRIES (COUNTRY_ID, COUNTRY_NAME, REGION_ID) VALUES ('CL', 'Chile', 1);
INSERT INTO COUNTRIES (COUNTRY_ID, COUNTRY_NAME, REGION_ID) VALUES ('BR', 'Brasil', 1);
INSERT INTO COUNTRIES (COUNTRY_ID, COUNTRY_NAME, REGION_ID) VALUES ('US', 'USA', 2);
INSERT INTO COUNTRIES (COUNTRY_ID, COUNTRY_NAME, REGION_ID) VALUES ('MX', 'Mexico', 2);
INSERT INTO COUNTRIES (COUNTRY_ID, COUNTRY_NAME, REGION_ID) VALUES ('ES', 'España', 3);

-- LOCATIONS
INSERT INTO LOCATIONS (LOCATION_ID, STREET_ADDRESS, POSTAL_CODE, CITY, STATE_PROVINCE, COUNTRY_ID) VALUES (1, 'RIVADAVIA 6646', '1406', 'BUENOS AIRES', '', 'AR');
INSERT INTO LOCATIONS (LOCATION_ID, STREET_ADDRESS, POSTAL_CODE, CITY, STATE_PROVINCE, COUNTRY_ID) VALUES (2, '60 º1017', '1900', 'LA PLATA', 'BUENOS AIRES', 'AR');
INSERT INTO LOCATIONS (LOCATION_ID, STREET_ADDRESS, POSTAL_CODE, CITY, STATE_PROVINCE, COUNTRY_ID) VALUES (3, 'COLON 800', '5000', 'CORDOBA', 'CORDOBA', 'AR');
INSERT INTO LOCATIONS (LOCATION_ID, STREET_ADDRESS, POSTAL_CODE, CITY, STATE_PROVINCE, COUNTRY_ID) VALUES (4, 'APOQUINDO 3600', '8320000', 'SANTIAGO', 'REGION METROPOLITANA', 'CL');
INSERT INTO LOCATIONS (LOCATION_ID, STREET_ADDRESS, POSTAL_CODE, CITY, STATE_PROVINCE, COUNTRY_ID) VALUES (5, '6043 GRADY BROOK', '44094-6929', 'CHICAGO', 'ILLINOIS', 'US');
INSERT INTO LOCATIONS (LOCATION_ID, STREET_ADDRESS, POSTAL_CODE, CITY, STATE_PROVINCE, COUNTRY_ID) VALUES (6, '9986 GEORGIANNA HARBOR', '85490-9574', 'DERRICKFURT', 'OREGON', 'US');
INSERT INTO LOCATIONS (LOCATION_ID, STREET_ADDRESS, POSTAL_CODE, CITY, STATE_PROVINCE, COUNTRY_ID) VALUES (7, 'ARROYO FERNANDO 7', '10165', 'ALMERIA', 'COMUNIDAD VALENCIANA', 'ES');

-- DEPARTMENTS
INSERT INTO DEPARTMENTS (DEPARTMENT_ID, DEPARTMENT_NAME, LOCATION_ID, VERSION) VALUES (1, 'MANAGEMENT', 5, 0);
INSERT INTO DEPARTMENTS (DEPARTMENT_ID, DEPARTMENT_NAME, LOCATION_ID, VERSION) VALUES (2, 'HUMAN RESOURCES', 2, 0);
INSERT INTO DEPARTMENTS (DEPARTMENT_ID, DEPARTMENT_NAME, LOCATION_ID, VERSION) VALUES (3, 'SALES', 1, 0);
INSERT INTO DEPARTMENTS (DEPARTMENT_ID, DEPARTMENT_NAME, LOCATION_ID, VERSION) VALUES (4, 'MARKETING', 1, 0);
INSERT INTO DEPARTMENTS (DEPARTMENT_ID, DEPARTMENT_NAME, LOCATION_ID, VERSION) VALUES (5, 'MANUFACTURING', 3, 0);
INSERT INTO DEPARTMENTS (DEPARTMENT_ID, DEPARTMENT_NAME, LOCATION_ID, VERSION) VALUES (6, 'IT', 4, 0);
INSERT INTO DEPARTMENTS (DEPARTMENT_ID, DEPARTMENT_NAME, LOCATION_ID, VERSION) VALUES (7, 'FINANCES', 4, 0);

-- JOBS
INSERT INTO JOBS (JOB_ID, JOB_TITLE, MIN_SALARY, MAX_SALARY, VERSION) VALUES ('PAYROLL', 'PAYROLL ANALYST', 20000, 40000, 0);
INSERT INTO JOBS (JOB_ID, JOB_TITLE, MIN_SALARY, MAX_SALARY, VERSION) VALUES ('WORKER', 'FACTORY WORKER', 15000, 45000, 0);
INSERT INTO JOBS (JOB_ID, JOB_TITLE, MIN_SALARY, MAX_SALARY, VERSION) VALUES ('SYSADMIN', 'SYSTEM ADMINISTRATOR', 30000, 60000, 0);
INSERT INTO JOBS (JOB_ID, JOB_TITLE, MIN_SALARY, MAX_SALARY, VERSION) VALUES ('DEVELOPER', 'DEVELOPER', 30000, 60000, 0);
INSERT INTO JOBS (JOB_ID, JOB_TITLE, MIN_SALARY, MAX_SALARY, VERSION) VALUES ('MANAGER', 'DEPARTMENT MANAGER', 150000, 200000, 0);
INSERT INTO JOBS (JOB_ID, JOB_TITLE, MIN_SALARY, MAX_SALARY, VERSION) VALUES ('CEO', 'CHIEF EXECUTIVE OFFICER', 350000, 600000, 0);
INSERT INTO JOBS (JOB_ID, JOB_TITLE, MIN_SALARY, MAX_SALARY, VERSION) VALUES ('CFO', 'CHIEF FINANCIAL OFFICER', 300000, 400000, 0);
INSERT INTO JOBS (JOB_ID, JOB_TITLE, MIN_SALARY, MAX_SALARY, VERSION) VALUES ('CTO', 'CHIEF TECHNOLOGY OFFICER', 300000, 400000, 0);
INSERT INTO JOBS (JOB_ID, JOB_TITLE, MIN_SALARY, MAX_SALARY, VERSION) VALUES ('SALES', 'ACCOUNT MANAGER', 30000, 60000, 0);
INSERT INTO JOBS (JOB_ID, JOB_TITLE, MIN_SALARY, MAX_SALARY, VERSION) VALUES ('ACCOUNT', 'ACCOUNTANT', 30000, 50000, 0);


-- EMPLOYEES
INSERT INTO EMPLOYEES (
    EMPLOYEE_ID, FIRST_NAME, LAST_NAME, EMAIL, PHONE_NUMBER, HIRE_DATE, SALARY, COMMISSION_PCT, DEPARTMENT_ID, JOB_ID, VERSION) 
VALUES (
    1, 'DRAKE', 'MANTE', 'dmante@dummycorp.com', '+1-202-555-0100', '2002-09-17', 350000, 0.0, 
    1,
    'CEO',
    0
);

UPDATE DEPARTMENTS SET MANAGER_ID = 1 WHERE DEPARTMENT_ID = 1;

INSERT INTO EMPLOYEES (
    EMPLOYEE_ID, FIRST_NAME, LAST_NAME, EMAIL, PHONE_NUMBER, HIRE_DATE, SALARY, COMMISSION_PCT, DEPARTMENT_ID, JOB_ID, MANAGER_ID, VERSION) 
VALUES (
    2, 'MYRNA', 'JAKUBOWSKI', 'mjakubowski@dummycorp.com', '+1-202-555-0166', '2005-08-01', 300000, 0.0, 
    1,
    'CTO',
    1,
    0 
);

INSERT INTO EMPLOYEES (
    EMPLOYEE_ID, FIRST_NAME, LAST_NAME, EMAIL, PHONE_NUMBER, HIRE_DATE, SALARY, COMMISSION_PCT, DEPARTMENT_ID, JOB_ID, MANAGER_ID, VERSION) 
VALUES (
    3, 'MATHEW', 'STARK', 'mstark@dummycorp.com', '+1-202-555-0198', '2006-02-01', 300000, 0.0, 
    1,
    'CFO',
    1,
    0
);

INSERT INTO EMPLOYEES (EMPLOYEE_ID, FIRST_NAME, LAST_NAME, EMAIL, HIRE_DATE, SALARY, COMMISSION_PCT, DEPARTMENT_ID, JOB_ID, MANAGER_ID, VERSION)
VALUES (
    4, 'JULIO CESAR', 'PAREDES', 'jcparedes@dummycorp.com', '2010-01-01', 175000, 0.0,
    6,
    'MANAGER',
    2,    
    0
);

UPDATE DEPARTMENTS SET MANAGER_ID = 4 WHERE DEPARTMENT_ID = 6;


INSERT INTO EMPLOYEES (
   EMPLOYEE_ID, FIRST_NAME, LAST_NAME, EMAIL, HIRE_DATE, SALARY, COMMISSION_PCT, DEPARTMENT_ID, JOB_ID, MANAGER_ID, VERSION)
VALUES (
    5, 'CRISTOBAL', 'MERCADO', 'cmercado@dummycorp.com', '2009-09-01', 45000, 0.0,
    6,
    'SYSADMIN',
    4,
    0
);

INSERT INTO EMPLOYEES (
    EMPLOYEE_ID, FIRST_NAME, LAST_NAME, EMAIL, HIRE_DATE, SALARY, COMMISSION_PCT, DEPARTMENT_ID, JOB_ID, MANAGER_ID, VERSION)
VALUES (
    6, 'SONIA', 'PAEZ', 'spaez@dummycorp.com', '2009-09-01', 35000, 0.0,
    6,
    'DEVELOPER',
    4,
    0
);

INSERT INTO EMPLOYEES (
    EMPLOYEE_ID, FIRST_NAME, LAST_NAME, EMAIL, HIRE_DATE, SALARY, COMMISSION_PCT, DEPARTMENT_ID, JOB_ID, MANAGER_ID, VERSION)
VALUES (
    7, 'ANTONIO', 'PAEZ', 'apaez@dummycorp.com', '2009-09-01', 30000, 0.0,
    6,
    'DEVELOPER',
    4,
    0
);

INSERT INTO EMPLOYEES (
    EMPLOYEE_ID, FIRST_NAME, LAST_NAME, EMAIL, HIRE_DATE, SALARY, COMMISSION_PCT, DEPARTMENT_ID, JOB_ID, MANAGER_ID, VERSION)
VALUES (
    8, 'LUCILA', 'PAEZ', 'lpaez@dummycorp.com', '2011-06-01', 179000, 0.0,
    7,
    'MANAGER',
    3,    
    0
);

UPDATE DEPARTMENTS SET MANAGER_ID = 8 WHERE DEPARTMENT_ID = 7;

INSERT INTO EMPLOYEES (EMPLOYEE_ID, FIRST_NAME, LAST_NAME, EMAIL, HIRE_DATE, VERSION) VALUES (9, 'ANA MARIA', 'AGUILERA', 'amaguilera@dummycorp.com', '2001-12-15', 0);
INSERT INTO EMPLOYEES (EMPLOYEE_ID, FIRST_NAME, LAST_NAME, EMAIL, HIRE_DATE, VERSION) VALUES (10, 'SARA', 'LUEVANO', 'sluevano@dummycorp.com', '2001-12-15', 0);
INSERT INTO EMPLOYEES (EMPLOYEE_ID, FIRST_NAME, LAST_NAME, EMAIL, HIRE_DATE, VERSION) VALUES (11, 'GUADALUPE', 'ESQUIVEL', 'gesquivel@dummycorp.com', '2001-12-15', 0);
INSERT INTO EMPLOYEES (EMPLOYEE_ID, FIRST_NAME, LAST_NAME, EMAIL, HIRE_DATE, VERSION) VALUES (12, 'JUANA', 'ESTRADA', 'jestrada@dummycorp.com', '2001-12-15', 0);
INSERT INTO EMPLOYEES (EMPLOYEE_ID, FIRST_NAME, LAST_NAME, EMAIL, HIRE_DATE, VERSION) VALUES (13, 'ELVIRA', 'ENRIQUEZ', 'eenriquez@dummycorp.com', '2001-12-15', 0);
INSERT INTO EMPLOYEES (EMPLOYEE_ID, FIRST_NAME, LAST_NAME, EMAIL, HIRE_DATE, VERSION) VALUES (14, 'SANCHO', 'VILLAL', 'svillal@dummycorp.com', '2001-12-15', 0);
INSERT INTO EMPLOYEES (EMPLOYEE_ID, FIRST_NAME, LAST_NAME, EMAIL, HIRE_DATE, VERSION) VALUES (15, 'EDUARDO', 'VARGAS', 'evargas@dummycorp.com', '2001-12-15', 0);
INSERT INTO EMPLOYEES (EMPLOYEE_ID, FIRST_NAME, LAST_NAME, EMAIL, HIRE_DATE, VERSION) VALUES (16, 'LUIS', 'VARGAS', 'lvargas@dummycorp.com', '2001-12-15', 0);
INSERT INTO EMPLOYEES (EMPLOYEE_ID, FIRST_NAME, LAST_NAME, EMAIL, HIRE_DATE, VERSION) VALUES (17,'OCTAVIO', 'LARA', 'olara@dummycorp.com', '2001-12-15', 0);
INSERT INTO EMPLOYEES (EMPLOYEE_ID, FIRST_NAME, LAST_NAME, EMAIL, HIRE_DATE, VERSION) VALUES (18, 'JOSE', 'LOYA', 'jloya@dummycorp.com', '2001-12-15', 0);

INSERT INTO JOB_HISTORY (EMPLOYEE_ID, START_DATE, END_DATE, JOB_ID, DEPARTMENT_ID, VERSION) VALUES (1, '2012-01-01', '2099-01-01', 'CEO', 1, 0);

INSERT INTO JOB_HISTORY (EMPLOYEE_ID, START_DATE, END_DATE, JOB_ID, DEPARTMENT_ID, VERSION) VALUES (2, '2005-08-01', '2009-01-01', 'DEVELOPER', 6, 0);
INSERT INTO JOB_HISTORY (EMPLOYEE_ID, START_DATE, END_DATE, JOB_ID, DEPARTMENT_ID, VERSION) VALUES (2, '2009-01-02', '2012-11-30', 'MANAGER', 6, 0);
INSERT INTO JOB_HISTORY (EMPLOYEE_ID, START_DATE, END_DATE, JOB_ID, DEPARTMENT_ID, VERSION) VALUES (2, '2012-12-01', '2099-01-01', 'CTO', 1, 0);
